data_date_utc,observed_at,path,title,count,uniques
2026-09-22,2026-09-23T06:57:33Z,/ForestTiger-GH/madaraii-pilot,Overview,10,1
2026-09-22,2026-09-23T06:57:33Z,/ForestTiger-GH/madaraii-pilot/blob/main/_mw/knowledge/RUSSIAN-ECONOMY-Q2-2026.md,/blob/main/_mw/knowledge/RUSSIAN-ECONOMY-Q2-2026.md,6,1
2026-09-22,2026-09-23T06:57:33Z,/ForestTiger-GH/madaraii-pilot/blob/main/_mw/work/WORK-0001.md,/blob/main/_mw/work/WORK-0001.md,4,1
2026-09-22,2026-09-23T06:57:33Z,/ForestTiger-GH/madaraii-pilot/tree/main,/tree/main,8,1
2026-09-22,2026-09-23T06:57:33Z,/ForestTiger-GH/madaraii-pilot/tree/main/_mw,/tree/main/_mw,48,1
2026-09-22,2026-09-23T06:57:33Z,/ForestTiger-GH/madaraii-pilot/tree/main/_mw/inbox,/tree/main/_mw/inbox,4,1
2026-09-22,2026-09-23T06:57:33Z,/ForestTiger-GH/madaraii-pilot/tree/main/_mw/knowledge,/tree/main/_mw/knowledge,12,1
2026-09-22,2026-09-23T06:57:33Z,/ForestTiger-GH/madaraii-pilot/tree/main/_mw/research,/tree/main/_mw/research,21,1
2026-09-22,2026-09-23T06:57:33Z,/ForestTiger-GH/madaraii-pilot/tree/main/_mw/research/results,/tree/main/_mw/research/results,10,1
2026-09-22,2026-09-23T06:57:33Z,/ForestTiger-GH/madaraii-pilot/tree/main/_mw/work,/tree/main/_mw/work,9,1
2026-09-23,2026-09-24T06:55:48Z,/ForestTiger-GH/madaraii-pilot,Overview,10,1
2026-09-23,2026-09-24T06:55:48Z,/ForestTiger-GH/madaraii-pilot/blob/main/_mw/knowledge/RUSSIAN-ECONOMY-Q2-2026.md,/blob/main/_mw/knowledge/RUSSIAN-ECONOMY-Q2-2026.md,6,1
2026-09-23,2026-09-24T06:55:48Z,/ForestTiger-GH/madaraii-pilot/blob/main/_mw/work/WORK-0001.md,/blob/main/_mw/work/WORK-0001.md,4,1
2026-09-23,2026-09-24T06:55:48Z,/ForestTiger-GH/madaraii-pilot/tree/main,/tree/main,8,1
2026-09-23,2026-09-24T06:55:48Z,/ForestTiger-GH/madaraii-pilot/tree/main/_mw,/tree/main/_mw,48,1
2026-09-23,2026-09-24T06:55:48Z,/ForestTiger-GH/madaraii-pilot/tree/main/_mw/inbox,/tree/main/_mw/inbox,4,1
2026-09-23,2026-09-24T06:55:48Z,/ForestTiger-GH/madaraii-pilot/tree/main/_mw/knowledge,/tree/main/_mw/knowledge,12,1
2026-09-23,2026-09-24T06:55:48Z,/ForestTiger-GH/madaraii-pilot/tree/main/_mw/research,/tree/main/_mw/research,21,1
2026-09-23,2026-09-24T06:55:48Z,/ForestTiger-GH/madaraii-pilot/tree/main/_mw/research/results,/tree/main/_mw/research/results,10,1
2026-09-23,2026-09-24T06:55:48Z,/ForestTiger-GH/madaraii-pilot/tree/main/_mw/work,/tree/main/_mw/work,9,1
2026-09-24,2026-09-25T06:50:11Z,/ForestTiger-GH/madaraii-pilot,Overview,10,1
2026-09-24,2026-09-25T06:50:11Z,/ForestTiger-GH/madaraii-pilot/blob/main/_mw/knowledge/RUSSIAN-ECONOMY-Q2-2026.md,/blob/main/_mw/knowledge/RUSSIAN-ECONOMY-Q2-2026.md,6,1
2026-09-24,2026-09-25T06:50:11Z,/ForestTiger-GH/madaraii-pilot/blob/main/_mw/work/WORK-0001.md,/blob/main/_mw/work/WORK-0001.md,4,1
2026-09-24,2026-09-25T06:50:11Z,/ForestTiger-GH/madaraii-pilot/tree/main,/tree/main,8,1
2026-09-24,2026-09-25T06:50:11Z,/ForestTiger-GH/madaraii-pilot/tree/main/_mw,/tree/main/_mw,48,1
2026-09-24,2026-09-25T06:50:11Z,/ForestTiger-GH/madaraii-pilot/tree/main/_mw/inbox,/tree/main/_mw/inbox,4,1
2026-09-24,2026-09-25T06:50:11Z,/ForestTiger-GH/madaraii-pilot/tree/main/_mw/knowledge,/tree/main/_mw/knowledge,12,1
2026-09-24,2026-09-25T06:50:11Z,/ForestTiger-GH/madaraii-pilot/tree/main/_mw/research,/tree/main/_mw/research,21,1
2026-09-24,2026-09-25T06:50:11Z,/ForestTiger-GH/madaraii-pilot/tree/main/_mw/research/results,/tree/main/_mw/research/results,10,1
2026-09-24,2026-09-25T06:50:11Z,/ForestTiger-GH/madaraii-pilot/tree/main/_mw/work,/tree/main/_mw/work,9,1
2026-09-25,2026-09-26T06:50:11Z,/ForestTiger-GH/madaraii-pilot,Overview,10,1
2026-09-25,2026-09-26T06:50:11Z,/ForestTiger-GH/madaraii-pilot/blob/main/_mw/knowledge/RUSSIAN-ECONOMY-Q2-2026.md,/blob/main/_mw/knowledge/RUSSIAN-ECONOMY-Q2-2026.md,6,1
2026-09-25,2026-09-26T06:50:11Z,/ForestTiger-GH/madaraii-pilot/blob/main/_mw/work/WORK-0001.md,/blob/main/_mw/work/WORK-0001.md,4,1
2026-09-25,2026-09-26T06:50:11Z,/ForestTiger-GH/madaraii-pilot/tree/main,/tree/main,8,1
2026-09-25,2026-09-26T06:50:11Z,/ForestTiger-GH/madaraii-pilot/tree/main/_mw,/tree/main/_mw,48,1
2026-09-25,2026-09-26T06:50:11Z,/ForestTiger-GH/madaraii-pilot/tree/main/_mw/inbox,/tree/main/_mw/inbox,4,1
2026-09-25,2026-09-26T06:50:11Z,/ForestTiger-GH/madaraii-pilot/tree/main/_mw/knowledge,/tree/main/_mw/knowledge,12,1
2026-09-25,2026-09-26T06:50:11Z,/ForestTiger-GH/madaraii-pilot/tree/main/_mw/research,/tree/main/_mw/research,21,1
2026-09-25,2026-09-26T06:50:11Z,/ForestTiger-GH/madaraii-pilot/tree/main/_mw/research/results,/tree/main/_mw/research/results,10,1
2026-09-25,2026-09-26T06:50:11Z,/ForestTiger-GH/madaraii-pilot/tree/main/_mw/work,/tree/main/_mw/work,9,1
