data_date_utc,started_at,finished_at,mode,repositories_seen,repositories_succeeded,repositories_with_errors
2026-09-21,2026-09-22T20:28:31Z,2026-09-22T20:31:29Z,backfill,23,23,0
2026-09-22,2026-09-23T06:57:33Z,2026-09-23T07:01:12Z,collect,25,25,0
2026-09-23,2026-09-24T06:55:48Z,2026-09-24T06:59:39Z,collect,26,26,0
2026-09-24,2026-09-25T06:50:11Z,2026-09-25T06:53:43Z,collect,26,26,0
2026-09-25,2026-09-26T06:50:11Z,2026-09-26T06:53:35Z,collect,26,26,0
2026-09-26,2026-09-27T07:19:11Z,2026-09-27T07:22:39Z,collect,26,26,0
2026-09-27,2026-09-28T07:56:25Z,2026-09-28T08:00:26Z,collect,28,28,0
2026-09-28,2026-09-29T07:39:41Z,2026-09-29T07:43:25Z,collect,28,28,0
2026-09-29,2026-09-30T07:41:31Z,2026-09-30T07:46:06Z,collect,28,28,0
2026-09-30,2026-10-01T07:59:57Z,2026-10-01T08:04:50Z,collect,28,28,0
