data_date_utc,observed_at,referrer,count,uniques
2026-09-22,2026-09-23T06:57:33Z,github.com,7,1
2026-09-23,2026-09-24T06:55:48Z,github.com,7,1
2026-09-24,2026-09-25T06:50:11Z,github.com,7,1
2026-09-25,2026-09-26T06:50:11Z,github.com,7,1
2026-09-26,2026-09-27T07:19:11Z,github.com,7,1
2026-09-27,2026-09-28T07:56:25Z,github.com,7,1
2026-09-28,2026-09-29T07:39:41Z,github.com,7,1
2026-09-29,2026-09-30T07:41:31Z,github.com,7,1
2026-09-30,2026-10-01T07:59:57Z,github.com,7,1
2026-10-01,2026-10-02T07:43:33Z,github.com,5,1
2026-10-02,2026-10-03T07:17:00Z,github.com,5,1
2026-10-03,2026-10-04T07:34:05Z,github.com,4,1
