data_date_utc,observed_at,language,bytes
2026-09-22,2026-09-23T06:57:33Z,Python,299779
2026-09-23,2026-09-24T06:55:48Z,Python,299779
2026-09-24,2026-09-25T06:50:11Z,Python,299779
2026-09-25,2026-09-26T06:50:11Z,Python,299779
2026-09-26,2026-09-27T07:19:11Z,Python,299779
2026-09-27,2026-09-28T07:56:25Z,Python,299779
2026-09-28,2026-09-29T07:39:41Z,Python,299779
2026-09-29,2026-09-30T07:41:31Z,Python,299779
2026-09-30,2026-10-01T07:59:57Z,Python,299779
2026-10-01,2026-10-02T07:43:33Z,Python,299779
2026-10-02,2026-10-03T07:17:00Z,Python,299779
2026-10-03,2026-10-04T07:34:05Z,Python,299779
2026-10-04,2026-10-05T07:55:00Z,Python,299779
2026-10-05,2026-10-06T08:18:00Z,Python,299779
2026-10-06,2026-10-07T07:54:16Z,Python,299779
2026-10-07,2026-10-08T08:09:52Z,Python,299779
2026-10-08,2026-10-09T08:09:18Z,Python,299779
2026-10-09,2026-10-10T07:53:40Z,Python,299779
